{"cameraMode":{"drawMode":0,"name":"Shaded","section":"Shading Mode"},"sceneLighting":false,"audioPlay":false,"sceneViewState":{"showFog":true,"showMaterialUpdate":false,"showSkybox":false,"showFlares":true,"showImageEffects":true,"showParticleSystems":true},"in2DMode":false,"pivot":{"x":-9.989999771118164,"y":4.670000076293945,"z":-8.6899995803833},"rotation":{"x":0.06366738677024842,"y":0.6909046769142151,"z":-0.0613052099943161,"w":0.7175244688987732},"size":5.601462364196777,"orthographic":true}