{"cameraMode":{"drawMode":0,"name":"Shaded","section":"Shading Mode"},"sceneLighting":true,"audioPlay":false,"sceneViewState":{"showFog":true,"showMaterialUpdate":false,"showSkybox":true,"showFlares":true,"showImageEffects":true,"showParticleSystems":true},"in2DMode":false,"pivot":{"x":151.89999389648438,"y":716.7000122070313,"z":0.0},"rotation":{"x":0.014813809655606747,"y":0.1568325310945511,"z":-0.0023518449161201717,"w":0.9875141978263855},"size":286.7659912109375,"orthographic":true}