{"cameraMode":{"drawMode":0,"name":"Shaded","section":"Shading Mode"},"sceneLighting":false,"audioPlay":false,"sceneViewState":{"showFog":true,"showMaterialUpdate":false,"showSkybox":false,"showFlares":true,"showImageEffects":true,"showParticleSystems":true},"in2DMode":false,"pivot":{"x":-10.0,"y":5.017499923706055,"z":0.2533332109451294},"rotation":{"x":0.038320161402225497,"y":0.887274980545044,"z":-0.4534991383552551,"w":0.07497058063745499},"size":11.2996826171875,"orthographic":true}